{"cameraMode":{"drawMode":0,"name":"Shaded","section":"Shading Mode"},"sceneLighting":true,"audioPlay":false,"sceneViewState":{"m_AlwaysRefresh":false,"showFog":true,"showSkybox":true,"showFlares":true,"showImageEffects":true,"showParticleSystems":true,"showVisualEffectGraphs":true,"m_FxEnabled":true},"in2DMode":false,"pivot":{"x":6.088312149047852,"y":9.386152267456055,"z":7.260684490203857},"rotation":{"x":-0.10259217023849487,"y":0.42408642172813418,"z":0.04842401668429375,"w":0.8984929919242859},"size":12.391077995300293,"orthographic":false}